,0
0,APPLE 2024 iPad Air 11 M2
1,삼성전자 갤럭시탭S10 플러스
2,삼성전자 갤럭시탭S9
3,APPLE 2024 iPad mini A17 Pro 7세대
4,APPLE 2024 iPad Pro 11 M4
5,APPLE 2024 iPad Air 13 M2
6,삼성전자 갤럭시탭S9 플러스
7,APPLE 2024 iPad Pro 13 M4
8,삼성전자 갤럭시탭S10 울트라
9,삼성전자 갤럭시탭S10 플러스 5G
10,APPLE 2024 iPad Air 11 M2 Cellular
11,삼성전자 갤럭시탭S9 울트라
12,APPLE 2024 iPad mini A17 Pro 7세대 Cellular
13,APPLE 2022 iPad Air 5세대
14,삼성전자 갤럭시탭S10 울트라 5G
15,삼성전자 갤럭시탭S9 5G
16,APPLE 2022 iPad Air 5세대 중고
17,APPLE 2024 iPad Pro 13 M4 Cellular
18,APPLE 2024 iPad Air 13 M2 Cellular
19,APPLE 2024 iPad mini A17 Pro 7세대 해외구매
20,삼성전자 갤럭시탭S8 울트라
21,삼성전자 갤럭시탭S9 플러스 5G
22,APPLE 2022 iPad Pro 11 4세대
23,APPLE 2024 iPad Air 11 M2+애플펜슬 프로
24,삼성전자 갤럭시탭S9 플러스 중고
25,APPLE 2024 iPad mini A17 Pro 7세대 Cellular 해외구매
26,삼성전자 갤럭시탭S9 중고
27,레노버 요가 Pad Pro AI 해외구매
28,APPLE 2024 iPad Pro 11 M4 Cellular
29,삼성전자 갤럭시탭S9 울트라 5G
30,APPLE 2022 iPad Pro 11 4세대 중고
31,삼성전자 갤럭시탭S8 플러스
32,APPLE 2024 iPad Air 11 M2 해외구매
33,APPLE 2022 iPad Pro 12.9 6세대
34,샤오미 미 패드7 프로 해외구매
35,삼성전자 갤럭시탭S8
36,삼성전자 갤럭시탭S8 중고
37,APPLE 2024 iPad Air 11 M2+애플펜슬 C타입
38,APPLE 2024 iPad Air 11 M2+매직키보드
39,APPLE 2024 iPad Air 13 M2+애플펜슬 프로
40,샤오미 미 패드7 해외구매
41,APPLE 2024 iPad Air 13 M2 해외구매
42,"APPLE 2024 iPad Air 13 M2+애플펜슬 프로,매직키보드"
43,삼성전자 갤럭시탭S8 울트라 중고
44,"APPLE 2024 iPad Air 11 M2+애플펜슬 프로,매직키보드"
45,APPLE 2024 iPad Pro 13 M4 해외구매
46,APPLE 2021 iPad Pro 11 3세대
47,삼성전자 갤럭시탭S9 5G 중고
48,APPLE 2021 iPad Pro 12.9 5세대
49,APPLE 2024 iPad Air 13 M2+애플펜슬 C타입
50,삼성전자 갤럭시탭S9 울트라 중고
51,APPLE 2022 iPad Pro 12.9 6세대 중고
52,삼성전자 갤럭시탭S8 플러스 5G
53,"APPLE 2024 iPad Air 11 M2+애플펜슬 프로,폴리오키보드"
54,"APPLE 2024 iPad Air 13 M2 Cellular+애플펜슬 프로,매직키보드"
55,APPLE 2024 iPad Air 11 M2 Cellular+애플펜슬 프로
56,APPLE 2024 iPad Air 13 M2 Cellular+애플펜슬 프로
57,APPLE 2024 iPad Air 13 M2 Cellular+매직키보드
58,"APPLE 2024 iPad Air 11 M2 Cellular+애플펜슬 프로,매직키보드"
59,"APPLE 2024 iPad Air 13 M2+애플펜슬 프로,폴리오케이스"
60,"APPLE 2024 iPad Air 11 M2 Cellular+애플펜슬 프로,폴리오케이스"
61,APPLE 2024 iPad Air 11 M2 Cellular+폴리오키보드
62,APPLE 2024 iPad Air 11 M2+폴리오키보드
63,APPLE 2024 iPad Air 11 M2 Cellular+매직키보드
64,APPLE 2024 iPad Air 13 M2 Cellular+폴리오키보드
65,APPLE 2024 iPad Air 13 M2+폴리오케이스
66,APPLE 2024 iPad Air 11 M2+폴리오케이스
67,"APPLE 2024 iPad Air 13 M2 Cellular+애플펜슬 프로,폴리오케이스"
68,APPLE 2024 iPad Air 13 M2 Cellular+폴리오케이스
69,"APPLE 2024 iPad Air 13 M2 Cellular+애플펜슬 프로,폴리오키보드"
70,APPLE 2024 iPad Air 11 M2 Cellular+폴리오케이스
71,APPLE 2024 iPad Air 13 M2+폴리오키보드
72,APPLE 2022 iPad Air 5세대 Cellular
73,삼성전자 갤럭시탭S8 울트라 5G 중고
74,APPLE 2024 iPad Pro 11 M4+애플펜슬 프로
75,APPLE 2024 iPad Pro 13 M4+애플펜슬 프로
76,샤오미 미 패드7 프로 소프트 라이트 스크린 해외구매
77,APPLE 2022 iPad Air 5세대+애플펜슬 2세대
78,APPLE 2024 iPad Air 13 M2+매직키보드
79,APPLE 2022 iPad Pro 11 Cellular 4세대
80,"APPLE 2024 iPad Pro 13 M4+애플펜슬 프로,매직키보드"
81,삼성전자 갤럭시탭S9+키보드
82,삼성전자 갤럭시탭S8 울트라 5G
83,삼성전자 갤럭시탭S9+북커버
84,APPLE 2022 iPad Pro 12.9 Cellular 6세대
85,"APPLE 2022 iPad Air 5세대+애플펜슬 C타입,매직키보드"
86,APPLE 2024 iPad Pro 11 M4 해외구매
87,APPLE 2024 iPad Pro 11 M4+매직키보드
88,"APPLE 2024 iPad Pro 11 M4+애플펜슬 프로,매직키보드"
89,삼성전자 갤럭시탭S9 플러스+슬림 키보드
